{
    "Slide_Wifi.prefab": 0.0,
    "Star_Circle_1.prefab": 39.271790915938546,
    "Star_Circle_2.prefab": 2.8214360450214286,
    "Star_Circle_3.prefab": 6.589873579797303,
    "Star_Circle_4.prefab": 10.359430468103062,
    "Star_Circle_5.prefab": 14.133504056807972,
    "Star_Circle_6.prefab": 17.87967858977527,
    "Star_Circle_7.prefab": 21.66272299460197,
    "Star_Circle_8.prefab": 25.436106370407664,
    "Star_Line_3.prefab": 5.65210654183352,
    "Star_Line_4.prefab": 8.0179491,
    "Star_Line_5.prefab": 8.49084854496392,
    "Star_Line_6.prefab": 8.017949493299266,
    "Star_Line_7.prefab": 5.6521069724839235,
    "Star_L_2.prefab": 20.275486289263544,
    "Star_L_3.prefab": 16.132899254238772,
    "Star_L_4.prefab": 14.423415792727997,
    "Star_L_5.prefab": 12.569904638209199,
    "Star_ppqq_1.prefab": 15.992130701971599,
    "Star_ppqq_2.prefab": 12.71950837018552,
    "Star_ppqq_3.prefab": 9.89872183325184,
    "Star_ppqq_4.prefab": 22.587390704679496,
    "Star_ppqq_5.prefab": 22.60220610734106,
    "Star_ppqq_6.prefab": 29.167534367505443,
    "Star_ppqq_7.prefab": 21.160719676856406,
    "Star_ppqq_8.prefab": 18.819862128868884,
    "Star_pq_1.prefab": 15.040565811483566,
    "Star_pq_2.prefab": 13.66134910688329,
    "Star_pq_3.prefab": 12.235021442340855,
    "Star_pq_4.prefab": 10.820932602443463,
    "Star_pq_5.prefab": 9.42416799715243,
    "Star_pq_6.prefab": 19.25790041893168,
    "Star_pq_7.prefab": 22.105229737032122,
    "Star_pq_8.prefab": 16.491399249743704,
    "Star_S.prefab": 14.697364251766857,
    "Star_V_1.prefab": 8.665964255749845,
    "Star_V_2.prefab": 8.319887765884209,
    "Star_V_3.prefab": 8.440807178972904,
    "Star_V_4.prefab": 8.538375727930356,
    "Star_V_6.prefab": 8.495331011008133,
    "Star_V_7.prefab": 8.425421689942404,
    "Star_V_8.prefab": 8.29752659272615
}